{
    "Z_Raw": [
        0.09886032725793152,
        0.0,
        0.07918442952525741,
        0.0
    ],
    "Z_EMA": [
        0.030199053884610264,
        69.45333003924219,
        0.023887237445798716,
        0.0
    ],
    "Z_Comp": [
        0.07219654769997869,
        26.971946290858227,
        0.0576087708444213,
        0.0
    ],
    "Z_Kalman": [
        0.011195276207084713,
        88.70007714561683,
        0.008517566765811514,
        0.0
    ],
    "X_Raw": [
        0.18385280164532786,
        0.0,
        0.05424417926093334,
        0.0
    ],
    "X_EMA": [
        0.155144404025582,
        15.620135382676759,
        0.053083982529703116,
        0.11
    ],
    "X_Kalman": [
        0.02219233560743788,
        88.00106942588386,
        0.017151913536715333,
        0.0
    ],
    "Roll_Acc": [
        0.18613706446324443,
        0.0,
        0.05468269875161271,
        0.0
    ],
    "Roll_Gyro": [
        0.14815110781694815,
        0.0,
        0.052964783861836354,
        0.0
    ],
    "Roll_Comp": [
        0.06803475426907375,
        63.45009970983233,
        0.027482346107134504,
        0.0
    ]
}